pos,neu,neg,compound
0.056139534883720935,0.7561627906976744,0.18769767441860463,-0.20276279069767442
