pos,neu,neg,compound
0.09139655172413794,0.7812241379310345,0.12736206896551724,-0.05260689655172413
