pos,neu,neg,compound
0.17251351351351352,0.6991081081081081,0.12835135135135134,0.0451891891891892
